latin_name,status,year
Anser fabalis,LC,2016
Anser fabalis,LC,2015
Anser fabalis,LC,2012
Anser fabalis,LC,2009
Anser fabalis,LC,2008
Anser fabalis,LC,2004
Anser fabalis,LR/lc,2000
Anser fabalis,LR/lc,1994
Anser fabalis,LR/lc,1988
Anser brachyrhynchus,LC,2016
Anser brachyrhynchus,LC,2015
Anser brachyrhynchus,LC,2012
Anser brachyrhynchus,LC,2009
Anser brachyrhynchus,LC,2008
Anser brachyrhynchus,LC,2004
Anser brachyrhynchus,LR/lc,2000
Anser brachyrhynchus,LR/lc,1994
Anser brachyrhynchus,LR/lc,1988
Anser albifrons,LC,2016
Anser albifrons,LC,2015
Anser albifrons,LC,2012
Anser albifrons,LC,2009
Anser albifrons,LC,2008
Anser albifrons,LC,2004
Anser albifrons,LR/lc,2000
Anser albifrons,LR/lc,1994
Anser albifrons,LR/lc,1988
Anser erythropus,VU,2017
Anser erythropus,VU,2016
Anser erythropus,VU,2015
Anser erythropus,VU,2013
Anser erythropus,VU,2012
Anser erythropus,VU,2008
Anser erythropus,VU,2006
Anser erythropus,VU,2004
Anser erythropus,VU,2000
Anser erythropus,VU,1996
Anser erythropus,VU,1994
Anser erythropus,T,1988
Anser caerulescens,LC,2016
Anser caerulescens,LC,2012
Anser caerulescens,LC,2009
Anser caerulescens,LC,2008
Anser caerulescens,LC,2004
Anser caerulescens,LR/lc,2000
Anser caerulescens,LR/lc,1994
Anser caerulescens,LR/lc,1988
Anser rossii,LC,2016
Anser rossii,LC,2012
Anser rossii,LC,2009
Anser rossii,LC,2008
Anser rossii,LC,2004
Anser rossii,LR/lc,2000
Anser rossii,LR/lc,1994
Anser rossii,LR/lc,1988
Anser canagicus,NT,2016
Anser canagicus,NT,2012
Anser canagicus,NT,2008
Anser canagicus,NT,2006
Anser canagicus,NT,2004
Anser canagicus,LR/nt,2000
Anser canagicus,LR/lc,1994
Anser canagicus,LR/lc,1988
Branta canadensis,LC,2016
Branta canadensis,LC,2012
Branta canadensis,LC,2009
Branta canadensis,LC,2008
Branta canadensis,LC,2006
Branta canadensis,NR,2004
Branta canadensis,NR,2000
Branta canadensis,NR,1994
Branta canadensis,NR,1988
Branta hutchinsii,LC,2016
Branta hutchinsii,LC,2012
Branta hutchinsii,LC,2009
Branta hutchinsii,LC,2008
Branta hutchinsii,LC,2006
Branta hutchinsii,NR,2004
Branta hutchinsii,NR,2000
Branta hutchinsii,NR,1994
Branta hutchinsii,NR,1988
Branta leucopsis,LC,2016
Branta leucopsis,LC,2012
Branta leucopsis,LC,2009
Branta leucopsis,LC,2008
Branta leucopsis,LC,2004
Branta leucopsis,LR/lc,2000
Branta leucopsis,LR/lc,1994
Branta leucopsis,LR/lc,1988
Branta bernicla,LC,2016
Branta bernicla,LC,2012
Branta bernicla,LC,2009
Branta bernicla,LC,2008
Branta bernicla,LC,2004
Branta bernicla,LR/lc,2000
Branta bernicla,LR/lc,1994
Branta bernicla,LR/lc,1988
Branta ruficollis,VU,2017
Branta ruficollis,VU,2016
Branta ruficollis,VU,2015
Branta ruficollis,EN,2012
Branta ruficollis,EN,2008
Branta ruficollis,EN,2007
Branta ruficollis,VU,2006
Branta ruficollis,VU,2004
Branta ruficollis,VU,2000
Branta ruficollis,VU,1996
Branta ruficollis,VU,1994
Branta ruficollis,T,1988
Cygnus columbianus,LC,2016
Cygnus columbianus,LC,2015
Cygnus columbianus,LC,2012
Cygnus columbianus,LC,2009
Cygnus columbianus,LC,2008
Cygnus columbianus,LC,2004
Cygnus columbianus,LR/lc,2000
Cygnus columbianus,LR/lc,1994
Cygnus columbianus,LR/lc,1988
Mareca penelope,LC,2017
Mareca penelope,LC,2016
Mareca penelope,LC,2012
Mareca penelope,LC,2009
Mareca penelope,LC,2008
Mareca penelope,LC,2004
Mareca penelope,LR/lc,2000
Mareca penelope,LR/lc,1994
Mareca penelope,LR/lc,1988
Sibirionetta formosa,LC,2016
Sibirionetta formosa,LC,2012
Sibirionetta formosa,LC,2011
Sibirionetta formosa,VU,2008
Sibirionetta formosa,VU,2006
Sibirionetta formosa,VU,2004
Sibirionetta formosa,VU,2000
Sibirionetta formosa,VU,1996
Sibirionetta formosa,VU,1994
Sibirionetta formosa,T,1988
Anas acuta,LC,2017
Anas acuta,LC,2016
Anas acuta,LC,2013
Anas acuta,LC,2012
Anas acuta,LC,2009
Anas acuta,LC,2008
Anas acuta,LC,2004
Anas acuta,LR/lc,2000
Anas acuta,LR/lc,1994
Anas acuta,LR/lc,1988
Aythya marila,LC,2016
Aythya marila,LC,2012
Aythya marila,LC,2009
Aythya marila,LC,2008
Aythya marila,LC,2004
Aythya marila,LR/lc,2000
Aythya marila,LR/lc,1994
Aythya marila,LR/lc,1988
Polysticta stelleri,VU,2016
Polysticta stelleri,VU,2013
Polysticta stelleri,VU,2012
Polysticta stelleri,VU,2010
Polysticta stelleri,VU,2008
Polysticta stelleri,VU,2006
Polysticta stelleri,VU,2005
Polysticta stelleri,LC,2004
Polysticta stelleri,LR/lc,2000
Polysticta stelleri,VU,1996
Polysticta stelleri,VU,1994
Polysticta stelleri,LR/lc,1988
Somateria mollissima,NT,2016
Somateria mollissima,NT,2015
Somateria mollissima,LC,2012
Somateria mollissima,LC,2009
Somateria mollissima,LC,2008
Somateria mollissima,LC,2004
Somateria mollissima,LR/lc,2000
Somateria mollissima,LR/lc,1994
Somateria mollissima,LR/lc,1988
Somateria spectabilis,LC,2016
Somateria spectabilis,LC,2012
Somateria spectabilis,LC,2009
Somateria spectabilis,LC,2008
Somateria spectabilis,LC,2004
Somateria spectabilis,LR/lc,2000
Somateria spectabilis,LR/lc,1994
Somateria spectabilis,LR/lc,1988
Somateria fischeri,LC,2016
Somateria fischeri,LC,2012
Somateria fischeri,LC,2009
Somateria fischeri,LC,2008
Somateria fischeri,LC,2004
Somateria fischeri,LR/lc,2000
Somateria fischeri,VU,1996
Somateria fischeri,VU,1994
Somateria fischeri,LR/lc,1988
Melanitta nigra,LC,2016
Melanitta nigra,LC,2013
Melanitta nigra,LC,2012
Melanitta americana,NT,2016
Melanitta americana,NT,2013
Melanitta americana,NT,2012
Melanitta fusca,VU,2016
Melanitta fusca,VU,2015
Melanitta fusca,EN,2013
Melanitta fusca,EN,2012
Melanitta perspicillata,LC,2016
Melanitta perspicillata,LC,2012
Melanitta perspicillata,LC,2009
Melanitta perspicillata,LC,2008
Melanitta perspicillata,LC,2004
Melanitta perspicillata,LR/lc,2000
Melanitta perspicillata,LR/lc,1994
Melanitta perspicillata,LR/lc,1988
Clangula hyemalis,VU,2017
Clangula hyemalis,VU,2016
Clangula hyemalis,VU,2012
Clangula hyemalis,LC,2011
Clangula hyemalis,LC,2009
Clangula hyemalis,LC,2008
Clangula hyemalis,LC,2004
Clangula hyemalis,LR/lc,2000
Clangula hyemalis,LR/lc,1994
Clangula hyemalis,LR/lc,1988
Mergus serrator,LC,2016
Mergus serrator,LC,2012
Mergus serrator,LC,2009
Mergus serrator,LC,2008
Mergus serrator,LC,2004
Mergus serrator,LR/lc,2000
Mergus serrator,LR/lc,1994
Mergus serrator,LR/lc,1988
Pluvialis apricaria,LC,2016
Pluvialis apricaria,LC,2012
Pluvialis apricaria,LC,2009
Pluvialis apricaria,LC,2008
Pluvialis apricaria,LC,2004
Pluvialis apricaria,LR/lc,2000
Pluvialis apricaria,LR/lc,1994
Pluvialis apricaria,LR/lc,1988
Pluvialis fulva,LC,2016
Pluvialis fulva,LC,2012
Pluvialis fulva,LC,2009
Pluvialis fulva,LC,2008
Pluvialis fulva,LC,2004
Pluvialis fulva,LR/lc,2000
Pluvialis fulva,LR/lc,1994
Pluvialis fulva,LR/lc,1988
Pluvialis dominica,LC,2016
Pluvialis dominica,LC,2012
Pluvialis dominica,LC,2009
Pluvialis dominica,LC,2008
Pluvialis dominica,LC,2004
Pluvialis dominica,LR/lc,2000
Pluvialis dominica,LR/lc,1994
Pluvialis dominica,LR/lc,1988
Pluvialis squatarola,LC,2017
Pluvialis squatarola,LC,2016
Pluvialis squatarola,LC,2012
Pluvialis squatarola,LC,2011
Pluvialis squatarola,LC,2009
Pluvialis squatarola,LC,2008
Pluvialis squatarola,LC,2004
Pluvialis squatarola,LR/lc,2000
Pluvialis squatarola,LR/lc,1994
Pluvialis squatarola,LR/lc,1988
Charadrius hiaticula,LC,2016
Charadrius hiaticula,LC,2012
Charadrius hiaticula,LC,2009
Charadrius hiaticula,LC,2008
Charadrius hiaticula,LC,2004
Charadrius hiaticula,LR/lc,2000
Charadrius hiaticula,LR/lc,1994
Charadrius hiaticula,LR/lc,1988
Charadrius semipalmatus,LC,2016
Charadrius semipalmatus,LC,2012
Charadrius semipalmatus,LC,2009
Charadrius semipalmatus,LC,2008
Charadrius semipalmatus,LC,2004
Charadrius semipalmatus,LR/lc,2000
Charadrius semipalmatus,LR/lc,1994
Charadrius semipalmatus,LR/lc,1988
Eudromias morinellus,LC,2016
Eudromias morinellus,LC,2012
Eudromias morinellus,LC,2009
Eudromias morinellus,LC,2008
Eudromias morinellus,LC,2004
Eudromias morinellus,LR/lc,2000
Eudromias morinellus,LR/lc,1994
Eudromias morinellus,LR/lc,1988
Limnodromus scolopaceus,LC,2016
Limnodromus scolopaceus,LC,2012
Limnodromus scolopaceus,LC,2009
Limnodromus scolopaceus,LC,2008
Limnodromus scolopaceus,LC,2004
Limnodromus scolopaceus,LR/lc,2000
Limnodromus scolopaceus,LR/lc,1994
Limnodromus scolopaceus,LR/lc,1988
Limosa haemastica,LC,2016
Limosa haemastica,LC,2012
Limosa haemastica,LC,2009
Limosa haemastica,LC,2008
Limosa haemastica,LC,2004
Limosa haemastica,LR/lc,2000
Limosa haemastica,LR/nt,1994
Limosa haemastica,NT,1988
Limosa lapponica,NT,2017
Limosa lapponica,NT,2016
Limosa lapponica,NT,2015
Limosa lapponica,LC,2012
Limosa lapponica,LC,2009
Limosa lapponica,LC,2008
Limosa lapponica,LC,2004
Limosa lapponica,LR/lc,2000
Limosa lapponica,LR/lc,1994
Limosa lapponica,LR/lc,1988
Numenius borealis,CR,2016
Numenius borealis,CR,2015
Numenius borealis,CR,2013
Numenius borealis,CR,2012
Numenius borealis,CR,2009
Numenius borealis,CR,2008
Numenius borealis,CR,2004
Numenius borealis,CR,2000
Numenius borealis,CR,1996
Numenius borealis,CR,1994
Numenius borealis,T,1988
Numenius phaeopus,LC,2016
Numenius phaeopus,LC,2012
Numenius phaeopus,LC,2009
Numenius phaeopus,LC,2008
Numenius phaeopus,LC,2004
Numenius phaeopus,LR/lc,2000
Numenius phaeopus,LR/lc,1994
Numenius phaeopus,LR/lc,1988
Numenius tahitiensis,VU,2016
Numenius tahitiensis,VU,2012
Numenius tahitiensis,VU,2008
Numenius tahitiensis,VU,2006
Numenius tahitiensis,VU,2004
Numenius tahitiensis,VU,2000
Numenius tahitiensis,VU,1996
Numenius tahitiensis,VU,1994
Numenius tahitiensis,T,1988
Tringa erythropus,LC,2016
Tringa erythropus,LC,2015
Tringa erythropus,LC,2012
Tringa erythropus,LC,2009
Tringa erythropus,LC,2008
Tringa erythropus,LC,2004
Tringa erythropus,LR/lc,2000
Tringa erythropus,LR/lc,1994
Tringa erythropus,LR/lc,1988
Tringa incana,LC,2016
Tringa incana,LC,2012
Tringa incana,LC,2009
Tringa incana,LC,2008
Tringa incana,LC,2004
Tringa incana,LR/lc,2000
Tringa incana,LR/lc,1994
Tringa incana,LR/lc,1988
Arenaria interpres,LC,2016
Arenaria interpres,LC,2012
Arenaria interpres,LC,2009
Arenaria interpres,LC,2008
Arenaria interpres,LC,2004
Arenaria interpres,LR/lc,2000
Arenaria interpres,LR/lc,1994
Arenaria interpres,LR/lc,1988
Arenaria melanocephala,LC,2016
Arenaria melanocephala,LC,2012
Arenaria melanocephala,LC,2009
Arenaria melanocephala,LC,2008
Arenaria melanocephala,LC,2004
Arenaria melanocephala,LR/lc,2000
Arenaria melanocephala,LR/lc,1994
Arenaria melanocephala,LR/lc,1988
Calidris virgata,LC,2016
Calidris virgata,LC,2012
Calidris virgata,LC,2009
Calidris virgata,LC,2008
Calidris virgata,LC,2004
Calidris virgata,LR/lc,2000
Calidris virgata,LR/lc,1994
Calidris virgata,LR/lc,1988
Calidris tenuirostris,EN,2016
Calidris tenuirostris,EN,2015
Calidris tenuirostris,VU,2012
Calidris tenuirostris,VU,2010
Calidris tenuirostris,LC,2009
Calidris tenuirostris,LC,2008
Calidris tenuirostris,LC,2004
Calidris tenuirostris,LR/lc,2000
Calidris tenuirostris,LR/lc,1994
Calidris tenuirostris,LR/lc,1988
Calidris canutus,NT,2017
Calidris canutus,NT,2016
Calidris canutus,NT,2015
Calidris canutus,LC,2012
Calidris canutus,LC,2009
Calidris canutus,LC,2008
Calidris canutus,LC,2004
Calidris canutus,LR/lc,2000
Calidris canutus,LR/lc,1994
Calidris canutus,LR/lc,1988
Calidris alba,LC,2016
Calidris alba,LC,2012
Calidris alba,LC,2009
Calidris alba,LC,2008
Calidris alba,LC,2004
Calidris alba,LR/lc,2000
Calidris alba,LR/lc,1994
Calidris alba,LR/lc,1988
Calidris pusilla,NT,2016
Calidris pusilla,NT,2012
Calidris pusilla,LC,2009
Calidris pusilla,LC,2008
Calidris pusilla,LC,2004
Calidris pusilla,LR/lc,2000
Calidris pusilla,LR/lc,1994
Calidris pusilla,LR/lc,1988
Calidris mauri,LC,2016
Calidris mauri,LC,2012
Calidris mauri,LC,2009
Calidris mauri,LC,2008
Calidris mauri,LC,2004
Calidris mauri,LR/lc,2000
Calidris mauri,LR/lc,1994
Calidris mauri,LR/lc,1988
Calidris ruficollis,NT,2016
Calidris ruficollis,NT,2015
Calidris ruficollis,LC,2012
Calidris ruficollis,LC,2009
Calidris ruficollis,LC,2008
Calidris ruficollis,LC,2004
Calidris ruficollis,LR/lc,2000
Calidris ruficollis,LR/lc,1994
Calidris ruficollis,LR/lc,1988
Calidris minuta,LC,2016
Calidris minuta,LC,2012
Calidris minuta,LC,2009
Calidris minuta,LC,2008
Calidris minuta,LC,2004
Calidris minuta,LR/lc,2000
Calidris minuta,LR/lc,1994
Calidris minuta,LR/lc,1988
Calidris temminckii,LC,2016
Calidris temminckii,LC,2012
Calidris temminckii,LC,2009
Calidris temminckii,LC,2008
Calidris temminckii,LC,2004
Calidris temminckii,LR/lc,2000
Calidris temminckii,LR/lc,1994
Calidris temminckii,LR/lc,1988
Calidris minutilla,LC,2016
Calidris minutilla,LC,2015
Calidris minutilla,LC,2012
Calidris minutilla,LC,2009
Calidris minutilla,LC,2008
Calidris minutilla,LC,2004
Calidris minutilla,LR/lc,2000
Calidris minutilla,LR/lc,1994
Calidris minutilla,LR/lc,1988
Calidris fuscicollis,LC,2017
Calidris fuscicollis,LC,2016
Calidris fuscicollis,LC,2012
Calidris fuscicollis,LC,2009
Calidris fuscicollis,LC,2008
Calidris fuscicollis,LC,2004
Calidris fuscicollis,LR/lc,2000
Calidris fuscicollis,LR/lc,1994
Calidris fuscicollis,LR/lc,1988
Calidris bairdii,LC,2016
Calidris bairdii,LC,2012
Calidris bairdii,LC,2009
Calidris bairdii,LC,2008
Calidris bairdii,LC,2004
Calidris bairdii,LR/lc,2000
Calidris bairdii,LR/lc,1994
Calidris bairdii,LR/lc,1988
Calidris melanotos,LC,2016
Calidris melanotos,LC,2012
Calidris melanotos,LC,2009
Calidris melanotos,LC,2008
Calidris melanotos,LC,2004
Calidris melanotos,LR/lc,2000
Calidris melanotos,LR/lc,1994
Calidris melanotos,LR/lc,1988
Calidris acuminata,LC,2016
Calidris acuminata,LC,2015
Calidris acuminata,LC,2012
Calidris acuminata,LC,2009
Calidris acuminata,LC,2008
Calidris acuminata,LC,2004
Calidris acuminata,LR/lc,2000
Calidris acuminata,LR/lc,1994
Calidris acuminata,LR/lc,1988
Calidris ferruginea,NT,2017
Calidris ferruginea,NT,2016
Calidris ferruginea,NT,2015
Calidris ferruginea,LC,2012
Calidris ferruginea,LC,2009
Calidris ferruginea,LC,2008
Calidris ferruginea,LC,2004
Calidris ferruginea,LR/lc,2000
Calidris ferruginea,LR/lc,1994
Calidris ferruginea,LR/lc,1988
Calidris maritima,LC,2016
Calidris maritima,LC,2012
Calidris maritima,LC,2009
Calidris maritima,LC,2008
Calidris maritima,LC,2004
Calidris maritima,LR/lc,2000
Calidris maritima,LR/lc,1994
Calidris maritima,LR/lc,1988
Calidris ptilocnemis,LC,2016
Calidris ptilocnemis,LC,2012
Calidris ptilocnemis,LC,2009
Calidris ptilocnemis,LC,2008
Calidris ptilocnemis,LC,2004
Calidris ptilocnemis,LR/lc,2000
Calidris ptilocnemis,LR/lc,1994
Calidris ptilocnemis,LR/lc,1988
Calidris alpina,LC,2017
Calidris alpina,LC,2016
Calidris alpina,LC,2012
Calidris alpina,LC,2009
Calidris alpina,LC,2008
Calidris alpina,LC,2004
Calidris alpina,LR/lc,2000
Calidris alpina,LR/lc,1994
Calidris alpina,LR/lc,1988
Calidris himantopus,LC,2016
Calidris himantopus,LC,2012
Calidris himantopus,LC,2009
Calidris himantopus,LC,2008
Calidris himantopus,LC,2004
Calidris himantopus,LR/lc,2000
Calidris himantopus,LR/lc,1994
Calidris himantopus,LR/lc,1988
Calidris pygmaea,CR,2017
Calidris pygmaea,CR,2016
Calidris pygmaea,CR,2015
Calidris pygmaea,CR,2013
Calidris pygmaea,CR,2012
Calidris pygmaea,CR,2011
Calidris pygmaea,CR,2010
Calidris pygmaea,CR,2009
Calidris pygmaea,CR,2008
Calidris pygmaea,EN,2004
Calidris pygmaea,VU,2000
Calidris pygmaea,VU,1996
Calidris pygmaea,VU,1994
Calidris pygmaea,T,1988
Calidris falcinellus,LC,2016
Calidris falcinellus,LC,2012
Calidris falcinellus,LC,2009
Calidris falcinellus,LC,2008
Calidris falcinellus,LC,2004
Calidris falcinellus,LR/lc,2000
Calidris falcinellus,LR/lc,1994
Calidris falcinellus,LR/lc,1988
Calidris subruficollis,NT,2017
Calidris subruficollis,NT,2016
Calidris subruficollis,NT,2012
Calidris subruficollis,NT,2008
Calidris subruficollis,NT,2006
Calidris subruficollis,NT,2004
Calidris subruficollis,LR/nt,2000
Calidris subruficollis,LR/lc,1994
Calidris subruficollis,LR/lc,1988
Calidris pugnax,LC,2016
Calidris pugnax,LC,2015
Calidris pugnax,LC,2012
Calidris pugnax,LC,2009
Calidris pugnax,LC,2008
Calidris pugnax,LC,2004
Calidris pugnax,LR/lc,2000
Calidris pugnax,LR/lc,1994
Calidris pugnax,LR/lc,1988
Phalaropus lobatus,LC,2016
Phalaropus lobatus,LC,2012
Phalaropus lobatus,LC,2009
Phalaropus lobatus,LC,2008
Phalaropus lobatus,LC,2004
Phalaropus lobatus,LR/lc,2000
Phalaropus lobatus,LR/lc,1994
Phalaropus lobatus,LR/lc,1988
Phalaropus fulicarius,LC,2016
Phalaropus fulicarius,LC,2012
Phalaropus fulicarius,LC,2009
Phalaropus fulicarius,LC,2008
Phalaropus fulicarius,LC,2004
Phalaropus fulicarius,LR/lc,2000
Phalaropus fulicarius,LR/lc,1994
Phalaropus fulicarius,LR/lc,1988
Gavia stellata,LC,2016
Gavia stellata,LC,2012
Gavia stellata,LC,2009
Gavia stellata,LC,2008
Gavia stellata,LC,2004
Gavia stellata,LR/lc,2000
Gavia stellata,LR/lc,1994
Gavia stellata,LR/lc,1988
Gavia arctica,LC,2016
Gavia arctica,LC,2014
Gavia arctica,LC,2012
Gavia arctica,LC,2009
Gavia arctica,LC,2008
Gavia arctica,LC,2004
Gavia arctica,LR/lc,2000
Gavia arctica,LR/lc,1994
Gavia arctica,LR/lc,1988
Gavia pacifica,LC,2016
Gavia pacifica,LC,2012
Gavia pacifica,LC,2009
Gavia pacifica,LC,2008
Gavia pacifica,LC,2004
Gavia pacifica,LR/lc,2000
Gavia pacifica,LR/lc,1994
Gavia pacifica,LR/lc,1988
Gavia immer,LC,2016
Gavia immer,LC,2012
Gavia immer,LC,2009
Gavia immer,LC,2008
Gavia immer,LC,2004
Gavia immer,LR/lc,2000
Gavia immer,LR/lc,1994
Gavia immer,LR/lc,1988
Gavia adamsii,NT,2016
Gavia adamsii,NT,2015
Gavia adamsii,NT,2012
Gavia adamsii,NT,2010
Gavia adamsii,LC,2009
Gavia adamsii,LC,2008
Gavia adamsii,LC,2004
Gavia adamsii,LR/lc,2000
Gavia adamsii,LR/lc,1994
Gavia adamsii,LR/lc,1988
Fulmarus glacialis,LC,2017
Fulmarus glacialis,LC,2016
Fulmarus glacialis,LC,2012
Fulmarus glacialis,LC,2009
Fulmarus glacialis,LC,2008
Fulmarus glacialis,LC,2004
Fulmarus glacialis,LR/lc,2000
Fulmarus glacialis,LR/lc,1994
Fulmarus glacialis,LR/lc,1988
Phalacrocorax pelagicus,LC,2016
Phalacrocorax pelagicus,LC,2012
Phalacrocorax pelagicus,LC,2009
Phalacrocorax pelagicus,LC,2008
Phalacrocorax pelagicus,LC,2004
Phalacrocorax pelagicus,LR/lc,2000
Phalacrocorax pelagicus,LR/lc,1994
Phalacrocorax pelagicus,LR/lc,1988
Catharacta skua,LC,2017
Catharacta skua,LC,2016
Catharacta skua,LC,2012
Catharacta skua,LC,2009
Catharacta skua,LC,2008
Catharacta skua,LC,2004
Catharacta skua,LR/lc,2000
Catharacta skua,LR/lc,1994
Catharacta skua,LR/lc,1988
Stercorarius pomarinus,LC,2016
Stercorarius pomarinus,LC,2012
Stercorarius pomarinus,LC,2009
Stercorarius pomarinus,LC,2008
Stercorarius pomarinus,LC,2004
Stercorarius pomarinus,LR/lc,2000
Stercorarius pomarinus,LR/lc,1994
Stercorarius pomarinus,LR/lc,1988
Stercorarius parasiticus,LC,2016
Stercorarius parasiticus,LC,2012
Stercorarius parasiticus,LC,2009
Stercorarius parasiticus,LC,2008
Stercorarius parasiticus,LC,2004
Stercorarius parasiticus,LR/lc,2000
Stercorarius parasiticus,LR/lc,1994
Stercorarius parasiticus,LR/lc,1988
Stercorarius longicaudus,LC,2016
Stercorarius longicaudus,LC,2012
Stercorarius longicaudus,LC,2009
Stercorarius longicaudus,LC,2008
Stercorarius longicaudus,LC,2004
Stercorarius longicaudus,LR/lc,2000
Stercorarius longicaudus,LR/lc,1994
Stercorarius longicaudus,LR/lc,1988
Rissa tridactyla,VU,2017
Rissa tridactyla,LC,2016
Rissa tridactyla,LC,2012
Rissa tridactyla,LC,2010
Rissa tridactyla,LC,2009
Rissa tridactyla,LC,2008
Rissa tridactyla,LC,2004
Rissa tridactyla,LR/lc,2000
Rissa tridactyla,LR/lc,1994
Rissa tridactyla,LR/lc,1988
Pagophila eburnea,NT,2017
Pagophila eburnea,NT,2016
Pagophila eburnea,NT,2012
Pagophila eburnea,NT,2010
Pagophila eburnea,NT,2008
Pagophila eburnea,NT,2006
Pagophila eburnea,NT,2005
Pagophila eburnea,LC,2004
Pagophila eburnea,LR/lc,2000
Pagophila eburnea,LR/lc,1994
Pagophila eburnea,LR/lc,1988
Xema sabini,LC,2017
Xema sabini,LC,2016
Xema sabini,LC,2012
Xema sabini,LC,2009
Xema sabini,LC,2008
Xema sabini,LC,2004
Xema sabini,LR/lc,2000
Xema sabini,LR/lc,1994
Xema sabini,LR/lc,1988
Rhodostethia rosea,LC,2016
Rhodostethia rosea,LC,2012
Rhodostethia rosea,LC,2009
Rhodostethia rosea,LC,2008
Rhodostethia rosea,LC,2004
Rhodostethia rosea,LR/lc,2000
Rhodostethia rosea,LR/lc,1994
Rhodostethia rosea,LR/lc,1988
Larus hyperboreus,LC,2016
Larus hyperboreus,LC,2012
Larus hyperboreus,LC,2009
Larus hyperboreus,LC,2008
Larus hyperboreus,LC,2004
Larus hyperboreus,LR/lc,2000
Larus hyperboreus,LR/lc,1994
Larus hyperboreus,LR/lc,1988
Larus glaucoides,LC,2016
Larus glaucoides,LC,2012
Larus glaucoides,LC,2009
Larus glaucoides,LC,2008
Larus glaucoides,LC,2004
Larus glaucoides,LR/lc,2000
Larus glaucoides,NR,1994
Larus glaucoides,NR,1988
Larus thayeri,LC,2017
Larus thayeri,LC,2016
Larus thayeri,LC,2012
Larus thayeri,LC,2009
Larus thayeri,LC,2008
Larus thayeri,LC,2004
Larus thayeri,LR/lc,2000
Larus thayeri,NR,1994
Larus thayeri,NR,1988
Larus smithsonianus,LC,2016
Larus smithsonianus,LC,2014
Larus schistisagus,LC,2016
Larus schistisagus,LC,2012
Larus schistisagus,LC,2009
Larus schistisagus,LC,2008
Larus schistisagus,LC,2004
Larus schistisagus,LR/lc,2000
Larus schistisagus,LR/lc,1994
Larus schistisagus,LR/lc,1988
Sterna paradisaea,LC,2016
Sterna paradisaea,LC,2012
Sterna paradisaea,LC,2010
Sterna paradisaea,LC,2009
Sterna paradisaea,LC,2008
Sterna paradisaea,LC,2004
Sterna paradisaea,LR/lc,2000
Sterna paradisaea,LR/lc,1994
Sterna paradisaea,LR/lc,1988
Alle alle,LC,2017
Alle alle,LC,2016
Alle alle,LC,2012
Alle alle,LC,2009
Alle alle,LC,2008
Alle alle,LC,2004
Alle alle,LR/lc,2000
Alle alle,LR/lc,1994
Alle alle,LR/lc,1988
Uria aalge,LC,2016
Uria aalge,LC,2012
Uria aalge,LC,2009
Uria aalge,LC,2008
Uria aalge,LC,2004
Uria aalge,LR/lc,2000
Uria aalge,LR/lc,1994
Uria aalge,LR/lc,1988
Uria lomvia,LC,2016
Uria lomvia,LC,2012
Uria lomvia,LC,2009
Uria lomvia,LC,2008
Uria lomvia,LC,2004
Uria lomvia,LR/lc,2000
Uria lomvia,LR/lc,1994
Uria lomvia,LR/lc,1988
Alca torda,NT,2017
Alca torda,NT,2016
Alca torda,NT,2015
Alca torda,LC,2012
Alca torda,LC,2009
Alca torda,LC,2008
Alca torda,LC,2004
Alca torda,LR/lc,2000
Alca torda,LR/lc,1994
Alca torda,LR/lc,1988
Cepphus grylle,LC,2016
Cepphus grylle,LC,2012
Cepphus grylle,LC,2009
Cepphus grylle,LC,2008
Cepphus grylle,LC,2004
Cepphus grylle,LR/lc,2000
Cepphus grylle,LR/lc,1994
Cepphus grylle,LR/lc,1988
Brachyramphus brevirostris,NT,2016
Brachyramphus brevirostris,NT,2014
Brachyramphus brevirostris,CR,2013
Brachyramphus brevirostris,CR,2012
Brachyramphus brevirostris,CR,2010
Brachyramphus brevirostris,CR,2009
Brachyramphus brevirostris,CR,2008
Brachyramphus brevirostris,CR,2005
Brachyramphus brevirostris,CR,2004
Brachyramphus brevirostris,LR/lc,2000
Brachyramphus brevirostris,LR/lc,1994
Brachyramphus brevirostris,LR/lc,1988
Aethia psittacula,LC,2016
Aethia psittacula,LC,2012
Aethia psittacula,LC,2009
Aethia psittacula,LC,2008
Aethia psittacula,LC,2004
Aethia psittacula,LR/lc,2000
Aethia psittacula,LR/lc,1994
Aethia psittacula,LR/lc,1988
Aethia cristatella,LC,2016
Aethia cristatella,LC,2012
Aethia cristatella,LC,2009
Aethia cristatella,LC,2008
Aethia cristatella,LC,2004
Aethia cristatella,LR/lc,2000
Aethia cristatella,LR/lc,1994
Aethia cristatella,LR/lc,1988
Aethia pusilla,LC,2016
Aethia pusilla,LC,2012
Aethia pusilla,LC,2009
Aethia pusilla,LC,2008
Aethia pusilla,LC,2004
Aethia pusilla,LR/lc,2000
Aethia pusilla,LR/lc,1994
Aethia pusilla,LR/lc,1988
Fratercula arctica,VU,2017
Fratercula arctica,VU,2016
Fratercula arctica,VU,2015
Fratercula arctica,LC,2012
Fratercula arctica,LC,2009
Fratercula arctica,LC,2008
Fratercula arctica,LC,2004
Fratercula arctica,LR/lc,2000
Fratercula arctica,LR/lc,1994
Fratercula arctica,LR/lc,1988
Fratercula corniculata,LC,2016
Fratercula corniculata,LC,2012
Fratercula corniculata,LC,2009
Fratercula corniculata,LC,2008
Fratercula corniculata,LC,2004
Fratercula corniculata,LR/lc,2000
Fratercula corniculata,LR/lc,1994
Fratercula corniculata,LR/lc,1988
Lagopus lagopus,LC,2016
Lagopus lagopus,LC,2012
Lagopus lagopus,LC,2009
Lagopus lagopus,LC,2008
Lagopus lagopus,LC,2004
Lagopus lagopus,LR/lc,2000
Lagopus lagopus,LR/lc,1994
Lagopus lagopus,LR/lc,1988
Lagopus muta,LC,2016
Lagopus muta,LC,2012
Lagopus muta,LC,2009
Lagopus muta,LC,2008
Lagopus muta,LC,2004
Lagopus muta,LR/lc,2000
Lagopus muta,LR/lc,1994
Lagopus muta,LR/lc,1988
Buteo lagopus,LC,2016
Buteo lagopus,LC,2015
Buteo lagopus,LC,2013
Buteo lagopus,LC,2012
Buteo lagopus,LC,2009
Buteo lagopus,LC,2008
Buteo lagopus,LC,2004
Buteo lagopus,LR/lc,2000
Buteo lagopus,LR/lc,1994
Buteo lagopus,LR/lc,1988
Aquila chrysaetos,LC,2016
Aquila chrysaetos,LC,2015
Aquila chrysaetos,LC,2013
Aquila chrysaetos,LC,2012
Aquila chrysaetos,LC,2009
Aquila chrysaetos,LC,2008
Aquila chrysaetos,LC,2004
Aquila chrysaetos,LR/lc,2000
Aquila chrysaetos,LR/lc,1994
Aquila chrysaetos,LR/lc,1988
Falco rusticolus,LC,2017
Falco rusticolus,LC,2016
Falco rusticolus,LC,2015
Falco rusticolus,LC,2012
Falco rusticolus,LC,2009
Falco rusticolus,LC,2008
Falco rusticolus,LC,2004
Falco rusticolus,LR/lc,2000
Falco rusticolus,LR/lc,1994
Falco rusticolus,NT,1988
Falco peregrinus,LC,2016
Falco peregrinus,LC,2015
Falco peregrinus,LC,2014
Antigone canadensis,LC,2016
Antigone canadensis,LC,2012
Antigone canadensis,LC,2009
Antigone canadensis,LC,2008
Antigone canadensis,LC,2004
Antigone canadensis,LR/lc,2000
Antigone canadensis,LR/lc,1994
Antigone canadensis,LR/lc,1988
Leucogeranus leucogeranus,CR,2016
Leucogeranus leucogeranus,CR,2015
Leucogeranus leucogeranus,CR,2014
Leucogeranus leucogeranus,CR,2013
Leucogeranus leucogeranus,CR,2012
Leucogeranus leucogeranus,CR,2010
Leucogeranus leucogeranus,CR,2009
Leucogeranus leucogeranus,CR,2008
Leucogeranus leucogeranus,CR,2007
Leucogeranus leucogeranus,CR,2006
Leucogeranus leucogeranus,CR,2004
Leucogeranus leucogeranus,CR,2000
Leucogeranus leucogeranus,EN,1996
Leucogeranus leucogeranus,EN,1994
Leucogeranus leucogeranus,T,1988
Bubo scandiacus,VU,2017
Bubo scandiacus,LC,2016
Bubo scandiacus,LC,2015
Bubo scandiacus,LC,2012
Bubo scandiacus,LC,2009
Bubo scandiacus,LC,2008
Bubo scandiacus,LC,2004
Bubo scandiacus,LR/lc,2000
Bubo scandiacus,LR/lc,1994
Bubo scandiacus,LR/lc,1988
Asio flammeus,LC,2016
Asio flammeus,LC,2015
Asio flammeus,LC,2012
Asio flammeus,LC,2009
Asio flammeus,LC,2008
Asio flammeus,LC,2004
Asio flammeus,LR/lc,2000
Asio flammeus,LR/lc,1994
Asio flammeus,LR/lc,1988
Corvus corax,LC,2017
Corvus corax,LC,2016
Corvus corax,LC,2014
Corvus corax,LC,2012
Corvus corax,LC,2009
Corvus corax,LC,2008
Corvus corax,LC,2004
Corvus corax,LR/lc,2000
Corvus corax,LR/lc,1994
Corvus corax,LR/lc,1988
Eremophila alpestris,LC,2017
Eremophila alpestris,LC,2016
Eremophila alpestris,LC,2012
Eremophila alpestris,LC,2009
Eremophila alpestris,LC,2008
Eremophila alpestris,LC,2004
Eremophila alpestris,LR/lc,2000
Eremophila alpestris,LR/lc,1994
Eremophila alpestris,LR/lc,1988
Catharus minimus,LC,2016
Catharus minimus,LC,2012
Catharus minimus,LC,2009
Catharus minimus,LC,2008
Catharus minimus,LC,2004
Catharus minimus,LR/lc,2000
Catharus minimus,NR,1994
Catharus minimus,NR,1988
Turdus iliacus,NT,2017
Turdus iliacus,NT,2016
Turdus iliacus,NT,2015
Turdus iliacus,LC,2012
Turdus iliacus,LC,2009
Turdus iliacus,LC,2008
Turdus iliacus,LC,2004
Turdus iliacus,LR/lc,2000
Turdus iliacus,LR/lc,1994
Turdus iliacus,LR/lc,1988
Cyanecula svecica,LC,2016
Cyanecula svecica,LC,2012
Cyanecula svecica,LC,2009
Cyanecula svecica,LC,2008
Cyanecula svecica,LC,2004
Cyanecula svecica,LR/lc,2000
Cyanecula svecica,LR/lc,1994
Cyanecula svecica,LR/lc,1988
Oenanthe oenanthe,LC,2017
Oenanthe oenanthe,LC,2016
Prunella montanella,LC,2016
Prunella montanella,LC,2015
Prunella montanella,LC,2012
Prunella montanella,LC,2009
Prunella montanella,LC,2008
Prunella montanella,LC,2004
Prunella montanella,LR/lc,2000
Prunella montanella,LR/lc,1994
Prunella montanella,LR/lc,1988
Motacilla alba,LC,2016
Motacilla alba,LC,2014
Motacilla alba,LC,2013
Motacilla alba,LC,2012
Motacilla alba,LC,2009
Motacilla alba,LC,2008
Motacilla alba,LC,2006
Motacilla alba,NR,2004
Motacilla alba,NR,2000
Motacilla alba,NR,1994
Motacilla alba,NR,1988
Motacilla tschutschensis,LC,2017
Motacilla tschutschensis,LC,2016
Motacilla citreola,LC,2016
Motacilla citreola,LC,2015
Motacilla citreola,LC,2012
Motacilla citreola,LC,2009
Motacilla citreola,LC,2008
Motacilla citreola,LC,2004
Motacilla citreola,LR/lc,2000
Motacilla citreola,LR/lc,1994
Motacilla citreola,LR/lc,1988
Anthus rubescens,LC,2017
Anthus rubescens,LC,2016
Anthus rubescens,LC,2013
Anthus rubescens,LC,2012
Anthus rubescens,LC,2009
Anthus rubescens,LC,2008
Anthus rubescens,LC,2004
Anthus rubescens,LR/lc,2000
Anthus rubescens,LR/lc,1994
Anthus rubescens,LR/lc,1988
Anthus pratensis,NT,2017
Anthus pratensis,NT,2016
Anthus pratensis,NT,2015
Anthus pratensis,LC,2012
Anthus pratensis,LC,2009
Anthus pratensis,LC,2008
Anthus pratensis,LC,2004
Anthus pratensis,LR/lc,2000
Anthus pratensis,LR/lc,1994
Anthus pratensis,LR/lc,1988
Anthus cervinus,LC,2017
Anthus cervinus,LC,2016
Anthus cervinus,LC,2012
Anthus cervinus,LC,2009
Anthus cervinus,LC,2008
Anthus cervinus,LC,2004
Anthus cervinus,LR/lc,2000
Anthus cervinus,LR/lc,1994
Anthus cervinus,LR/lc,1988
Anthus petrosus,LC,2016
Anthus petrosus,LC,2012
Anthus petrosus,LC,2009
Anthus petrosus,LC,2008
Anthus petrosus,LC,2004
Anthus petrosus,LR/lc,2000
Anthus petrosus,LR/lc,1994
Anthus petrosus,LR/lc,1988
Acanthis flammea,LC,2016
Acanthis flammea,LC,2013
Acanthis flammea,LC,2012
Emberiza pusilla,LC,2017
Emberiza pusilla,LC,2016
Emberiza pusilla,LC,2015
Emberiza pusilla,LC,2012
Emberiza pusilla,LC,2009
Emberiza pusilla,LC,2008
Emberiza pusilla,LC,2004
Emberiza pusilla,LR/lc,2000
Emberiza pusilla,LR/lc,1994
Emberiza pusilla,LR/lc,1988
Zonotrichia leucophrys,LC,2016
Zonotrichia leucophrys,LC,2012
Zonotrichia leucophrys,LC,2009
Zonotrichia leucophrys,LC,2008
Zonotrichia leucophrys,LC,2004
Zonotrichia leucophrys,LR/lc,2000
Zonotrichia leucophrys,LR/lc,1994
Zonotrichia leucophrys,LR/lc,1988
Passerculus sandwichensis,LC,2016
Passerella arborea,LC,2016
Passerella arborea,LC,2012
Passerella arborea,LC,2009
Passerella arborea,LC,2008
Passerella arborea,LC,2004
Passerella arborea,LR/lc,2000
Passerella arborea,LR/lc,1994
Passerella arborea,LR/lc,1988
Calcarius lapponicus,LC,2017
Calcarius lapponicus,LC,2016
Calcarius lapponicus,LC,2012
Calcarius lapponicus,LC,2009
Calcarius lapponicus,LC,2008
Calcarius lapponicus,LC,2004
Calcarius lapponicus,LR/lc,2000
Calcarius lapponicus,LR/lc,1994
Calcarius lapponicus,LR/lc,1988
Calcarius pictus,LC,2016
Calcarius pictus,LC,2012
Calcarius pictus,LC,2009
Calcarius pictus,LC,2008
Calcarius pictus,LC,2004
Calcarius pictus,LR/lc,2000
Calcarius pictus,LR/lc,1994
Calcarius pictus,LR/lc,1988
Plectrophenax nivalis,LC,2016
Plectrophenax nivalis,LC,2012
Plectrophenax nivalis,LC,2009
Plectrophenax nivalis,LC,2008
Plectrophenax nivalis,LC,2004
Plectrophenax nivalis,LR/lc,2000
Plectrophenax nivalis,LR/lc,1994
Plectrophenax nivalis,LR/lc,1988
Plectrophenax hyperboreus,LC,2016
Plectrophenax hyperboreus,LC,2014
Plectrophenax hyperboreus,NT,2012
Plectrophenax hyperboreus,NT,2008
Plectrophenax hyperboreus,NT,2004
Plectrophenax hyperboreus,LR/nt,2000
Plectrophenax hyperboreus,LR/lc,1994
Plectrophenax hyperboreus,LR/lc,1988
Salamandrella keyserlingii,LC,2008
Salamandrella keyserlingii,LC,2004
Rana amurensis,LC,2008
Rana amurensis,LC,2004
Rana arvalis,LC,2009
Rana arvalis,LC,2004
Ursus maritimus,VU,2015
Ursus maritimus,VU,2008
Ursus maritimus,VU,2006
Ursus maritimus,LR/cd,1996
Ursus maritimus,V,1994
Ursus maritimus,V,1990
Ursus maritimus,V,1988
Ursus maritimus,V,1986
Ursus maritimus,V,1982
Ursus maritimus,NA,1965
Callorhinus ursinus,VU,2015
Callorhinus ursinus,VU,2008
Callorhinus ursinus,VU,1996
Eumetopias jubatus,NT,2016
Eumetopias jubatus,NT,2012
Eumetopias jubatus,EN,2008
Eumetopias jubatus,EN,1996
Eumetopias jubatus,V,1994
Odobenus rosmarus,VU,2016
Odobenus rosmarus,DD,2008
Odobenus rosmarus,LR/lc,1996
Cystophora cristata,VU,2016
Cystophora cristata,VU,2008
Cystophora cristata,LR/lc,1996
Erignathus barbatus,LC,2016
Erignathus barbatus,LC,2008
Erignathus barbatus,LR/lc,1996
Halichoerus grypus,LC,2016
Halichoerus grypus,LC,2008
Halichoerus grypus,LR/lc,1996
Phoca largha,LC,2016
Phoca largha,DD,2008
Phoca largha,LR/lc,1996
Phoca vitulina,LC,2016
Phoca vitulina,LC,2008
Phoca vitulina,LR/lc,1996
Pagophilus groenlandicus,LC,2015
Pagophilus groenlandicus,LC,2008
Pagophilus groenlandicus,LR/lc,1996
Histriophoca fasciata,LC,2016
Histriophoca fasciata,DD,2008
Histriophoca fasciata,LR/lc,1996
Histriophoca fasciata,NA,1965
Pusa hispida,LC,2016
Pusa hispida,LC,2008
Pusa hispida,LR/lc,1996
Balaena mysticetus,LC,2012
Balaena mysticetus,LC,2008
Balaena mysticetus,LR/cd,1996
Balaena mysticetus,V,1994
Balaena mysticetus,V,1990
Balaena mysticetus,E,1988
Balaena mysticetus,E,1986
Balaena mysticetus,NA,1965
Eubalaena japonica,EN,2008
Eubalaena japonica,EN,1996
Eubalaena glacialis,EN,2012
Eubalaena glacialis,EN,2008
Balaenoptera musculus,EN,2008
Balaenoptera musculus,EN,1996
Balaenoptera musculus,E,1994
Balaenoptera musculus,E,1990
Balaenoptera musculus,E,1988
Balaenoptera musculus,E,1986
Balaenoptera musculus,NA,1965
Balaenoptera physalus,EN,2013
Balaenoptera physalus,EN,2008
Balaenoptera physalus,EN,1996
Balaenoptera physalus,V,1994
Balaenoptera physalus,V,1990
Balaenoptera physalus,V,1988
Balaenoptera physalus,V,1986
Balaenoptera physalus,NA,1965
Balaenoptera borealis,EN,2008
Balaenoptera borealis,EN,1996
Balaenoptera borealis,V,1994
Balaenoptera acutorostrata,LC,2008
Balaenoptera acutorostrata,LR/nt,1996
Balaenoptera acutorostrata,K,1994
Megaptera novaeangliae,LC,2008
Megaptera novaeangliae,VU,1996
Megaptera novaeangliae,V,1994
Megaptera novaeangliae,V,1990
Megaptera novaeangliae,E,1988
Megaptera novaeangliae,E,1986
Megaptera novaeangliae,NA,1965
Eschrichtius robustus,LC,2008
Eschrichtius robustus,LR/cd,1996
Orcinus orca,DD,2017
Orcinus orca,DD,2013
Orcinus orca,DD,2008
Orcinus orca,LR/cd,1996
Orcinus orca,K,1994
Lagenorhynchus albirostris,LC,2012
Lagenorhynchus albirostris,LC,2008
Lagenorhynchus albirostris,LR/lc,1996
Lagenorhynchus albirostris,K,1994
Globicephala melas,DD,2008
Globicephala melas,LR/lc,1996
Globicephala melas,K,1994
Lagenorhynchus acutus,LC,2008
Lagenorhynchus acutus,LR/lc,1996
Lagenorhynchus acutus,K,1994
Delphinapterus leucas,LC,2017
Delphinapterus leucas,NT,2012
Delphinapterus leucas,NT,2008
Delphinapterus leucas,VU,1996
Delphinapterus leucas,K,1994
Delphinapterus leucas,K,1990
Delphinapterus leucas,K,1988
Monodon monoceros,LC,2017
Monodon monoceros,NT,2012
Monodon monoceros,NT,2008
Monodon monoceros,DD,1996
Monodon monoceros,K,1994
Monodon monoceros,K,1990
Monodon monoceros,K,1988
Phocoena phocoena,LC,2008
Phocoena phocoena,VU,1996
Phocoena phocoena,K,1994
Phocoena phocoena,K,1990
Phocoena phocoena,K,1988
Phocoenoides dalli,LC,2012
Phocoenoides dalli,LC,2008
Phocoenoides dalli,LR/cd,1996
Phocoenoides dalli,K,1994
Physeter macrocephalus,VU,2008
Physeter macrocephalus,VU,1996
Physeter macrocephalus,K,1994
Berardius bairdii,DD,2008
Berardius bairdii,LR/cd,1996
Berardius bairdii,K,1994
Mesoplodon stejnegeri,DD,2008
Mesoplodon stejnegeri,DD,1996
Mesoplodon stejnegeri,K,1994
Ziphius cavirostris,LC,2008
Ziphius cavirostris,DD,1996
Ziphius cavirostris,K,1994
Hyperoodon ampullatus,DD,2008
Hyperoodon ampullatus,LR/cd,1996
Hyperoodon ampullatus,K,1994
Hyperoodon ampullatus,V,1990
Hyperoodon ampullatus,V,1988
Hyperoodon ampullatus,V,1986
Enhydra lutris,EN,2015
Enhydra lutris,EN,2011
Enhydra lutris,EN,2008
Enhydra lutris,EN,2000
Enhydra lutris,LR/lc,1996
Lethenteron camtschaticum,LC,2013
Lethenteron camtschaticum,LC,2008
Lethenteron reissneri,LC,2008
Petromyzon marinus,LC,2013
Petromyzon marinus,LC,2008
Petromyzon marinus,LR/lc,1996
Acipenser baerii,EN,2010
Acipenser baerii,VU,1996
Acipenser ruthenus,VU,2010
Acipenser ruthenus,VU,1996
Acipenser sturio,CR,2010
Acipenser sturio,CR,1996
Acipenser sturio,E,1994
Acipenser sturio,E,1990
Acipenser sturio,E,1988
Anguilla anguilla,CR,2014
Anguilla anguilla,CR,2010
Anguilla anguilla,CR,2008
Anguilla rostrata,EN,2017
Anguilla rostrata,EN,2014
Alosa sapidissima,LC,2013
Hypomesus olidus,LC,2013
Hypomesus olidus,LC,2008
Osmerus eperlanus,LC,2008
Osmerus eperlanus,DD,1996
Osmerus mordax,LC,2013
Abramis brama,LC,2008
Carassius carassius,LC,2008
Carassius carassius,LR/lc,1996
Couesius plumbeus,LC,2013
Leuciscus idus,LC,2008
Leuciscus idus,LR/lc,1996
Leuciscus leuciscus,LC,2008
Leuciscus leuciscus,LR/lc,1996
Notropis hudsonius,LC,2013
Chrosomus neogaeus,LC,2013
Chrosomus neogaeus,LC,2010
Phoxinus phoxinus,LC,2008
Phoxinus phoxinus,LR/lc,1996
Platygobio gracilis,LC,2013
Rhynchocypris czekanowskii,LC,2009
Rhynchocypris czekanowskii,LC,2008
Rhynchocypris percnurus,LC,2008
Rhynchocypris percnurus,DD,1996
Rutilus rutilus,LC,2008
Rutilus rutilus,LR/lc,1996
Catostomus catostomus,LC,2014
Catostomus commersonii,LC,2013
Barbatula barbatula,LC,2008
Barbatula barbatula,LR/lc,1996
Esox lucius,LC,2013
Esox lucius,LC,2008
Dallia pectoralis,LC,2013
Coregonus albula,LC,2011
Coregonus albula,LC,2008
Coregonus albula,DD,1996
Coregonus artedi,LR/lc,1996
Coregonus artedi,R,1994
Coregonus artedi,R,1990
Coregonus artedi,R,1988
Coregonus autumnalis,LC,2008
Coregonus autumnalis,LR/lc,1996
Coregonus lavaretus,DD,1996
Coregonus muksun,LC,2008
Coregonus nasus,LC,2008
Coregonus nasus,DD,1996
Coregonus peled,LC,2008
Coregonus peled,DD,1996
Coregonus pidschian,LC,2008
Coregonus pidschian,DD,1996
Coregonus sardinella,LC,2008
Hucho taimen,VU,2013
Hucho taimen,VU,2012
Oncorhynchus nerka,LC,2011
Oncorhynchus nerka,LC,2008
Salmo salar,LR/lc,1996
Salmo trutta,LC,2008
Salmo trutta,LR/lc,1996
Salvelinus alpinus,LC,2008
Salvelinus alpinus,LR/lc,1996
Salvelinus boganidae,LC,2009
Salvelinus tolmachoffi,EN,2009
Salvethymus svetovidovi,VU,1996
Stenodus leucichthys,EW,2008
Stenodus leucichthys,DD,1996
Thymallus arcticus,LC,2008
Thymallus thymallus,LC,2008
Thymallus thymallus,LR/lc,1996
Percopsis omiscomaycus,LC,2013
Gadus morhua,VU,1996
Lota lota,LC,2013
Lota lota,LC,2008
Culaea inconstans,LC,2013
Culaea inconstans,LC,2010
Gasterosteus aculeatus,LC,2015
Gasterosteus aculeatus,LC,2013
Gasterosteus aculeatus,LC,2010
Gasterosteus aculeatus,LC,2008
Gasterosteus aculeatus,LR/lc,1996
Pungitius pungitius,LC,2013
Pungitius pungitius,LC,2008
Pungitius pungitius,LR/lc,1996
Cottus aleuticus,LC,2013
Cottus bairdii,LC,2013
Cottus cognatus,LC,2013
Cottus gobio,LC,2008
Cottus gobio,LR/lc,1996
Cottus poecilopus,LC,2008
Cottus poecilopus,LR/lc,1996
Cottus ricei,LC,2013
Myoxocephalus thompsonii,LC,2013
Gymnocephalus cernua,LC,2008
Gymnocephalus cernua,LR/lc,1996
Perca fluviatilis,LC,2008
Perca fluviatilis,LR/lc,1996
Sander lucioperca,LC,2008
Sander lucioperca,LR/lc,1996
Sander vitreus,LC,2013
Somniosus microcephalus,NT,2006
Amblyraja hyperborea,LC,2016
Amblyraja hyperborea,LC,2007
Benthosema glaciale,LC,2015
Triglopsis quadricornis,LC,2013
Triglopsis quadricornis,LC,2008
Triglopsis quadricornis,LR/lc,1996
Triglopsis quadricornis,V,1994
Triglopsis quadricornis,V,1990
Lycodes jugoricus,LC,2010
Lycodes paamiuti,LC,2010
Liopsetta glacialis,LC,2008
Platichthys stellatus,LC,2013
Sorex tundrensis,LC,2016
Sorex tundrensis,LC,2008
Sorex tundrensis,LR/lc,1996
Sorex ugyunak,LC,2016
Sorex ugyunak,LC,2008
Sorex ugyunak,LR/lc,1996
Sorex pribilofensis,EN,2008
Sorex pribilofensis,EN,1996
Sorex jacksoni,LC,2016
Sorex jacksoni,LC,2008
Sorex jacksoni,EN,1996
Sorex portenkoi,DD,2016
Sorex portenkoi,DD,2008
Sorex portenkoi,LR/lc,1996
Lepus othus,LC,2008
Lepus othus,LR/lc,1996
Lepus othus,K,1994
Lepus arcticus,LC,2008
Lepus arcticus,LR/lc,1996
Marmota broweri,LC,2016
Marmota broweri,LC,2008
Marmota broweri,LR/lc,1996
Urocitellus parryii,LC,2016
Urocitellus parryii,LC,2008
Urocitellus parryii,LR/lc,2000
Urocitellus parryii,LR/lc,1996
Dicrostonyx groenlandicus,LC,2016
Dicrostonyx groenlandicus,LC,2008
Dicrostonyx groenlandicus,LR/lc,1996
Dicrostonyx hudsonius,LC,2016
Dicrostonyx hudsonius,LC,2008
Dicrostonyx hudsonius,LR/lc,1996
Dicrostonyx nelsoni,LC,2016
Dicrostonyx nelsoni,LC,2008
Dicrostonyx nelsoni,LR/lc,1996
Dicrostonyx richardsoni,LC,2016
Dicrostonyx richardsoni,LC,2008
Dicrostonyx richardsoni,LR/lc,1996
Dicrostonyx torquatus,LC,2016
Dicrostonyx torquatus,LC,2008
Dicrostonyx torquatus,LR/lc,1996
Dicrostonyx vinogradovi,DD,2016
Dicrostonyx vinogradovi,DD,2008
Dicrostonyx vinogradovi,CR,1996
Lemmus lemmus,LC,2008
Lemmus lemmus,LR/lc,1996
Lemmus trimucronatus,LC,2016
Lemmus trimucronatus,LC,2008
Microtus miurus,LC,2016
Microtus miurus,LC,2008
Microtus miurus,LR/lc,1996
Microtus oeconomus,LC,2016
Microtus oeconomus,LC,2008
Microtus oeconomus,LC,2002
Microtus oeconomus,LR/nt,1996
Rangifer tarandus,VU,2016
Rangifer tarandus,LC,2008
Rangifer tarandus,LR/lc,1996
Rangifer tarandus,NA,1965
Ovibos moschatus,LC,2008
Ovibos moschatus,LR/lc,1996
Canis lupus,LC,2010
Canis lupus,LC,2008
Canis lupus,LC,2004
Canis lupus,LR/lc,1996
Canis lupus,V,1994
Canis lupus,V,1990
Canis lupus,V,1988
Canis lupus,V,1986
Canis lupus,V,1982
Vulpes lagopus,LC,2014
Vulpes lagopus,LC,2008
Vulpes lagopus,LC,2004
Vulpes lagopus,LR/lc,1996
Ursus arctos,LC,2017
Ursus arctos,LC,2016
Ursus arctos,LC,2008
Ursus arctos,LR/lc,1996
Mustela nivalis,LC,2016
Mustela erminea,LC,2016
Mustela erminea,LC,2008
Mustela erminea,LR/lc,1996
Gulo gulo,LC,2016
Gulo gulo,LC,2009
Gulo gulo,NT,2008
Gulo gulo,VU,1996
Gulo gulo,V,1994
Gulo gulo,V,1990
Gulo gulo,V,1988